{
  "ModuleInfo": {
    "ModuleFormat": "StaticLib",
    "ModuleDependencies": [ "Core"],
    "ModuleName": "GUI",
    "ModulePath": "Source/Runtime/GUI/",
    "Defines": [],
    "DevelopEngine": {
      "Config": "DebugConfig",
      "Defines": []
    },
    "DevelopGame": {
      "Config": "ConfirmConfig",
      "Defines": []
    },
    "ConfirmGame": {
      "Config": "ConfirmConfig",
      "Defines": []
    },
    "ReleaseGame": {
      "Config": "ReleaseConfig",
      "Defines": []
    }
  }
}